sudo mysql -u root -p

-------------------------------------------------------------------------------------------------------------------------
SHOW DATABASES;
-------------------------------------------------------------------------------------------------------------------------
CREATE DATABASE dbms;
------------------------------------------------------------------------------------------------------------------------
use dbms;
------------------------------------------------------------------------------------------------------------------------
CREATE TABLE EMP (EMP_CODE char(5), EMP_NAME char(20), DEPT_CODE char(5), DESIG_code char(5), SEX char(1),
 ADDRESS char(25), CITY char(20), STATE char(20), PIN char(6), BASIC INT, JN_DT Date, PRIMARY KEY (EMP_CODE));
-------------------------------------------------------------------------------------------------------------------------
show tables;
-------------------------------------------------------------------------------------------------------------------------
create table DEPERMENT(DEPT_CODE CHAR(5), DEPT_NAME CHAR(15), PRIMARY KEY(DEPT_CODE));
------------------------------------------------------------------------------------------------------------------------
CREATE TABLE DESIGNATION(DESIG_CODE CHAR(5), DESIG_DESC CHAR(20), PRIMARY KEY(DESIG_CODE));
-------------------------------------------------------------------------------------------------------------------------
describe EMP;
-------------------------------------------------------------------------------------------------------------------------
describe DEPERMENT;
-------------------------------------------------------------------------------------------------------------------------
describe DESIGNATION;
-------------------------------------------------------------------------------------------------------------------------
INSERT INTO DESIGNATION(DESIG_CODE,DESIG_DESC) VALUES ('d1','Executive'), ('d2','officer'), ('d3','clerk'), 
('d4','manager'),('d5','helper');
-------------------------------------------------------------------------------------------------------------------------
select*from DESIGNATION;
-------------------------------------------------------------------------------------------------------------------------
INSERT INTO DEPERMENT(DEPT_CODE,DEPT_NAME) VALUES ('dpt1','production'), ('dpt2','purchase'), ('dpt3','Finance'),
 ('dpt4','Personnel'), ('dpt5','Research');
-------------------------------------------------------------------------------------------------------------------------
 INSERT INTO EMP (EMP_CODE,EMP_NAME,DEPT_CODE,DESIG_code,SEX,ADDRESS,CITY,STATE,PIN,BASIC,JN_DT)VALUES
 ('e1','sadrul','dpt1','d1','M','jadavpur main hostel','kolkata','west bengal','713424','20000','2015-01-03'),
 ('e2','irin','dpt1','d2','M','jadavpur 8B','kolkata','west bengal','700032','30000','2013-01-03'), 
 ('e3','sahil','dpt1','d1','M','sulekha','kolkata','west bengal','700032','30000','2016-11-13'),
 ('e4','sifu','dpt4','d2','M','jadavpur main hostel','kolkata','west bengal','712032','5000','2016-05-21'), 
 ('e5','ajam','dpt5','d2','M','jadavpur main hostel','barddhaman','west bengal','712345','50000','2016-01-20'), 
 ('e6','subham','dpt3','d3','M','lohapur','rampurhat','west bengal','713241','30000','2016-10-20'),
 ('e7','sofia','dpt2','d4','F','victorya','kolkata','west bengal','700234','20000','2016-05-21');
--------------------------------------------------------------------------------------------------------------------------
INSERT INTO EMP(EMP_CODE,EMP_NAME,DESIG_CODE,SEX,ADDRESS,CITY,STATE,PIN,JN_DT) VALUES  
('e8','asfake','d5','M','noyhati','noyhati','west bengal','749446','2014-07-23');
--------------------------------------------------------------------------------------------------------------------------
INSERT INTO EMP(EMP_CODE,EMP_NAME,DESIG_CODE,SEX,ADDRESS,CITY,STATE,PIN,JN_DT) VALUES  
('e9','dibyendu','d3','F','howrah','howrah','west bengal','725234','2025-08-30');
--------------------------------------------------------------------------------------------------------------------------
INSERT INTO EMP(EMP_CODE,EMP_NAME,DESIG_CODE,SEX,ADDRESS,CITY,STATE,PIN,JN_DT) VALUES  
('e10','debaduti','d4','M','newtown','kolkata','west bengal','745623','2012-10-10');
--------------------------------------------------------------------------------------------------------------------------
INSERT INTO EMP(EMP_CODE,EMP_NAME,DEPT_CODE,DESIG_CODE,SEX,ADDRESS,CITY,STATE,PIN,BASIC,JN_DT) VALUES  
('e11','debesh','dpt6','d5','M','satan gali','Ranchi','JharKhand','856342','00000','2020-02-14');
--------------------------------------------------------------------------------------------------------------------------
select*from EMP where DEPT_CODE IS NULL;
---------------------------------------------------------------------------------------------------------------------------
select*from EMP where BASIC = 0;
---------------------------------------------------------------------------------------------------------------------------
select*from EMP where BASIC IS NULL;
---------------------------------------------------------------------------------------------------------------------------
select AVG(BASIC) FROM EMP;
+------------+
| AVG(BASIC) |
+------------+
| 23125.0000 |
+------------+
---------------------------------------------------------------------------------------------------------------------------
update EMP set BASIC = 0 where BASIC is NULL;
---------------------------------------------------------------------------------------------------------------------------
select AVG(BASIC) from EMP;
+------------+
| AVG(BASIC) |
+------------+
| 16818.1818 |
+------------+
---------------------------------------------------------------------------------------------------------------------------
delete from EMP where DEPT_CODE is null;
---------------------------------------------------------------------------------------------------------------------------
select EMP_NAME, BASIC*0.5+BASIC*0.4+BASIC NET_PAY from EMP;
---------------------------------------------------------------------------------------------------------------------------
select upper(EMP_NAME),BASIC from EMP order by DEPT_CODE asc;
---------------------------------------------------------------------------------------------------------------------------
select*from EMP where JN_DT>'01-01-1999';
---------------------------------------------------------------------------------------------------------------------------
select*from EMP where extract(month from JN_DT)=01;
---------------------------------------------------------------------------------------------------------------------------
select max(BASIC),min(BASIC) from EMP;
---------------------------------------------------------------------------------------------------------------------------
select*from EMP where SEX = 'F';
---------------------------------------------------------------------------------------------------------------------------
update EMP SET CITY = upper(CITY);
---------------------------------------------------------------------------------------------------------------------------
select count(distinct CITY) FROM EMP;
----------------------------------------------------------------------------------------------------------------------------
select*from EMP order by DEPT_CODE asc,BASIC desc;